<?xml version="1.0" encoding="utf-8"?>
<application>
	<name>Milossdaas</name>
	<group>milossdaas</group>
	<version>4.1.24</version>
	<creationDate>November 2020</creationDate>
	<author>YOOtheme</author>
	<authorEmail>info@yootheme.com</authorEmail>
	<authorUrl>https://yootheme.com</authorUrl>
    <copyright><![CDATA[
			YOOtheme GmbH, <a href="https://yootheme.com/terms" target="_blank">Terms of Service</a>
			]]> </copyright>
    <license>GNU General Public License (GPL)
	</license>
	<description><![CDATA[
				<div style="max-width: 550px;">The Blog Pro app is built to work smoothly with <a href="https://yootheme.com/page-builder" target="_blank">YOOtheme Pro</a>. This app does not include any templates and needs to be templated with the YOOtheme Pro page builder. It inherits the content structure from <a href="https://yootheme.com/joomla-templates/" target="_blank">YOOtheme Pro theme packages</a>. All layouts and styles can be found in the YOOtheme Pro libraries.</div>
				]]>
	</description>
	<params group="application-config">
		<param name="items_per_page" type="text" size="3" default="15" label="Items Per Page" description="Number of items to show on a page" />
		<param name="include_subcategories" type="radio" default="1" label="Include Subcategories" description="Include items from subcategories">
			<option value="0">No</option>
			<option value="1">Yes</option>
		</param>
		<param name="item_order" type="zooitemorder" default="_itemname" label="Item Order" description="ITEM_ORDER" />
		<param name="show_feed_link" type="zoofeed" default="0" label="Show Feed Link" description="DISPLAY_FEED_LINKS" />
	</params>
	<params group="category-config">
		<param name="items_per_page" type="textglobal" size="3" default="15" label="Items Per Page" description="Number of items to show on a page" />
		<param name="include_subcategories" type="radio" default="1" label="Include Subcategories" description="Include items from subcategories">
			<option value="0">No</option>
			<option value="1">Yes</option>
		</param>
		<param name="item_order" type="zooitemorderglobal" default="_itemname" label="Item Order" description="ITEM_ORDER" />
		<param name="show_feed_link" type="zoofeedglobal" default="0" label="Show Feed Link" description="DISPLAY_FEED_LINKS" />
	</params>
	<params group="application-content">
	</params>
	<params group="category-content">
		<param name="image" type="zooimage" label="Image" />
		<param name="image_alt" type="text" label="Image Alt Text" />
		<param name="intro_image" type="zooimage" label="Intro Image" />
		<param name="intro_image_alt" type="text" label="Intro Image Alt Text" />
	</params>
	<params group="item-content">
	</params>
</application>
