{
	"name": "Sample Item Type",
	"elements": {
		"d2047024-de58-4a46-b5ff-7cf67a021b02": {
			"name": "Content",
			"description": "",
			"access": "1",
			"repeatable": "1",
			"default": "",
			"jplugins": "1",
			"type": "textarea"
		},
		"d2b0893e-26d2-46fc-8b17-a19621329ada": {
			"name": "Image",
			"description": "",
			"access": "1",
			"upload_directory": "images\/blog\/",
			"max_upload_size": "20480",
			"type": "image"
		},
		"5225da95-4457-497e-aba8-d92aa74103cf": {
			"name": "Intro Image",
			"description": "",
			"access": "1",
			"upload_directory": "images\/blog\/",
			"max_upload_size": "20480",
			"type": "image"
		},
		"2265641a-e40f-4f44-aac1-392111b0025e": {
			"name": "Excerpt",
			"description": "",
			"access": "1",
			"repeatable": "0",
			"default": "",
			"jplugins": "1",
			"type": "textarea"
		},
		"_itemaccess": {
			"name": "Access",
			"description": "",
			"access": "1",
			"type": "itemaccess"
		},
		"_itemauthor": {
			"name": "Author",
			"description": "",
			"access": "1",
			"type": "itemauthor"
		},
		"_itemcategory": {
			"name": "Categories",
			"description": "",
			"access": "1",
			"type": "itemcategory"
		},
		"_itemprimarycategory": {
			"name": "Primary Category",
			"description": "",
			"access": "1",
			"type": "itemprimarycategory"
		},
		"_itemcommentslink": {
			"name": "Comments Link",
			"description": "",
			"access": "1",
			"type": "itemcommentslink"
		},
		"_itemcreated": {
			"name": "Creation Date",
			"description": "",
			"access": "1",
			"type": "itemcreated"
		},
		"_itemedit": {
			"name": "Edit",
			"description": "",
			"access": "1",
			"type": "itemedit"
		},
		"_itemfrontpage": {
			"name": "Frontpage Enabled",
			"description": "",
			"access": "1",
			"type": "itemfrontpage"
		},
		"_itemhits": {
			"name": "Hits",
			"description": "",
			"access": "1",
			"type": "itemhits"
		},
		"_itemlink": {
			"name": "Item Link",
			"description": "",
			"access": "1",
			"type": "itemlink"
		},
		"_itemmodified": {
			"name": "Modification Date",
			"description": "",
			"access": "1",
			"type": "itemmodified"
		},
		"_itemname": {
			"name": "Name",
			"description": "",
			"access": "1",
			"type": "itemname"
		},
		"_itemprint": {
			"name": "Print",
			"description": "",
			"access": "1",
			"type": "itemprint"
		},
		"_itempublish_down": {
			"name": "Publish Down Date",
			"description": "",
			"access": "1",
			"type": "itempublish_down"
		},
		"_itempublish_up": {
			"name": "Publish Up Date",
			"description": "",
			"access": "1",
			"type": "itempublish_up"
		},
		"_itemprevnext": {
			"name": "Previous\/Next Link",
			"description": "",
			"access": "1",
			"type": "itemprevnext"
		},
		"_itemsearchable": {
			"name": "Searchable",
			"description": "",
			"access": "1",
			"type": "itemsearchable"
		},
		"_itemstate": {
			"name": "State",
			"description": "",
			"access": "1",
			"type": "itemstate"
		},
		"_itemtag": {
			"name": "Tags",
			"description": "",
			"access": "1",
			"type": "itemtag"
		}
	}
}